{
    "providers": [
        {
            "type": "bitmap",
            "file": "minecraft:custom/stevesmile1.png",
            "ascent": 8,
            "height": 8,
            "chars": ["\uE000"]
        },
		        {
            "type": "bitmap",
            "file": "minecraft:custom/stevesmile2.png",
            "ascent": 8,
            "height": 8,
            "chars": ["\uE001"]
        },
				        {
            "type": "bitmap",
            "file": "minecraft:custom/steveshades.png",
            "ascent": 8,
            "height": 8,
            "chars": ["\uE002"]
        },
				        {
            "type": "bitmap",
            "file": "minecraft:custom/stevelaughcry.png",
            "ascent": 8,
            "height": 8,
            "chars": ["\uE003"]
        },
				        {
            "type": "bitmap",
            "file": "minecraft:custom/stevewink.png",
            "ascent": 8,
            "height": 8,
            "chars": ["\uE004"]
        },
		        {
            "type": "bitmap",
            "file": "minecraft:custom/stevesleepycompact.png",
            "ascent": 8,
            "height": 8,
            "chars": ["\uE005"]
        },
				        {
            "type": "bitmap",
            "file": "minecraft:custom/stevesleepy.png",
            "ascent": 16,
            "height": 16,
            "chars": ["\uE006"]
        },
				        {
            "type": "bitmap",
            "file": "minecraft:custom/stevesmallface.png",
            "ascent": 8,
            "height": 8,
            "chars": ["\uE007"]
        },
				        {
            "type": "bitmap",
            "file": "minecraft:custom/stevesad.png",
            "ascent": 8,
            "height": 8,
            "chars": ["\uE008"]
        },
				        {
            "type": "bitmap",
            "file": "minecraft:custom/stevefrown.png",
            "ascent": 8,
            "height": 8,
            "chars": ["\uE009"]
        },
		
						        {
            "type": "bitmap",
            "file": "minecraft:custom/steveanxious.png",
            "ascent": 8,
            "height": 8,
            "chars": ["\uE010"]
        },
						        {
            "type": "bitmap",
            "file": "minecraft:custom/stevescared.png",
            "ascent": 8,
            "height": 8,
            "chars": ["\uE011"]
        },
						        {
            "type": "bitmap",
            "file": "minecraft:custom/steveangry.png",
            "ascent": 8,
            "height": 8,
            "chars": ["\uE012"]
        },
								{
            "type": "bitmap",
            "file": "minecraft:custom/steveconfused.png",
            "ascent": 16,
            "height": 16,
            "chars": ["\uE013"]
        },
						        {
            "type": "bitmap",
            "file": "minecraft:custom/steveleft.png",
            "ascent": 8,
            "height": 8,
            "chars": ["\uE014"]
        },
						        {
            "type": "bitmap",
            "file": "minecraft:custom/steveright.png",
            "ascent": 8,
            "height": 8,
            "chars": ["\uE015"]
		},
						        {
            "type": "bitmap",
            "file": "minecraft:custom/stevecowboy.png",
            "ascent": 12,
            "height": 12,
            "chars": ["\uE016"]
		},
						        {
            "type": "bitmap",
            "file": "minecraft:custom/steveiarmor.png",
            "ascent": 8,
            "height": 8,
            "chars": ["\uE017"]
        },
								        {
            "type": "bitmap",
            "file": "minecraft:custom/stevedarmor.png",
            "ascent": 8,
            "height": 8,
            "chars": ["\uE018"]
		},
								        {
            "type": "bitmap",
            "file": "minecraft:custom/stevenarmor.png",
            "ascent": 8,
            "height": 8,
            "chars": ["\uE019"]
		},
										        {
            "type": "bitmap",
            "file": "minecraft:custom/creeper.png",
            "ascent": 8,
            "height": 8,
            "chars": ["\uE020"]
		},
										        {
            "type": "bitmap",
            "file": "minecraft:custom/creeperangry.png",
            "ascent": 8,
            "height": 8,
            "chars": ["\uE021"]
		},
										        {
            "type": "bitmap",
            "file": "minecraft:custom/enderman.png",
            "ascent": 8,
            "height": 8,
            "chars": ["\uE022"]
		},
										        {
            "type": "bitmap",
            "file": "minecraft:custom/endermanangry.png",
            "ascent": 8,
            "height": 8,
            "chars": ["\uE023"]
		},
										        {
            "type": "bitmap",
            "file": "minecraft:custom/zombie.png",
            "ascent": 8,
            "height": 8,
            "chars": ["\uE024"]
		},
										        {
            "type": "bitmap",
            "file": "minecraft:custom/skeleton.png",
            "ascent": 8,
            "height": 8,
            "chars": ["\uE025"]
		},
										        {
            "type": "bitmap",
            "file": "minecraft:custom/piglin.png",
            "ascent": 8,
            "height": 8,
            "chars": ["\uE026"]
		},
												        {
            "type": "bitmap",
            "file": "minecraft:custom/piglinchan.png",
            "ascent": 8,
            "height": 8,
            "chars": ["\uE027"]
		},
												        {
            "type": "bitmap",
            "file": "minecraft:custom/witherskeleton.png",
            "ascent": 8,
            "height": 8,
            "chars": ["\uE028"]
		},
														{
            "type": "bitmap",
            "file": "minecraft:custom/villagerintrigued.png",
            "ascent": 8,
            "height": 8,
            "chars": ["\uE029"]
		},
														{
            "type": "bitmap",
            "file": "minecraft:custom/villagerangy.png",
            "ascent": 8,
            "height": 8,
            "chars": ["\uE030"]
		},
														{
            "type": "bitmap",
            "file": "minecraft:custom/grass_block_side.png",
            "ascent": 8,
            "height": 8,
            "chars": ["\uE031"]
		},
													    {
            "type": "bitmap",
            "file": "minecraft:custom/crafting_table_top.png",
            "ascent": 8,
            "height": 8,
            "chars": ["\uE032"]
		},
														{
            "type": "bitmap",
            "file": "minecraft:custom/furnace_front.png",
            "ascent": 8,
            "height": 8,
            "chars": ["\uE033"]
		},
														{
            "type": "bitmap",
            "file": "minecraft:custom/crimson_nylium_side.png",
            "ascent": 8,
            "height": 8,
            "chars": ["\uE034"]
		},
														{
            "type": "bitmap",
            "file": "minecraft:custom/end_stone.png",
            "ascent": 8,
            "height": 8,
            "chars": ["\uE035"]
		},
														{
            "type": "bitmap",
            "file": "minecraft:custom/diamond.png",
            "ascent": 8,
            "height": 8,
            "chars": ["\uE036"]
		},
														{
            "type": "bitmap",
            "file": "minecraft:custom/diamond_sword.png",
            "ascent": 8,
            "height": 8,
            "chars": ["\uE037"]
		},
														{
            "type": "bitmap",
            "file": "minecraft:custom/diamond_pickaxe.png",
            "ascent": 8,
            "height": 8,
            "chars": ["\uE038"]
		},
														{
            "type": "bitmap",
            "file": "minecraft:custom/netherite_ingot.png",
            "ascent": 8,
            "height": 8,
            "chars": ["\uE039"]
		},
														{
            "type": "bitmap",
            "file": "minecraft:custom/netherite_sword.png",
            "ascent": 8,
            "height": 8,
            "chars": ["\uE040"]
		},
														{
            "type": "bitmap",
            "file": "minecraft:custom/netherite_pickaxe.png",
            "ascent": 8,
            "height": 8,
            "chars": ["\uE041"]
		},
														{
            "type": "bitmap",
            "file": "minecraft:custom/bow_pulling_2.png",
            "ascent": 8,
            "height": 8,
            "chars": ["\uE042"]
		},
														{
            "type": "bitmap",
            "file": "minecraft:custom/crossbow_arrow.png",
            "ascent": 8,
            "height": 8,
            "chars": ["\uE043"]
		},
														{
            "type": "bitmap",
            "file": "minecraft:custom/crossbow_firework.png",
            "ascent": 8,
            "height": 8,
            "chars": ["\uE044"]
		},
														{
            "type": "bitmap",
            "file": "minecraft:custom/trident.png",
            "ascent": 8,
            "height": 8,
            "chars": ["\uE045"]
		},
														{
            "type": "bitmap",
            "file": "minecraft:custom/music_disc_pigstep.png",
            "ascent": 8,
            "height": 8,
            "chars": ["\uE046"]
		},
														{
            "type": "bitmap",
            "file": "minecraft:custom/writable_book.png",
            "ascent": 8,
            "height": 8,
            "chars": ["\uE047"]
		},
														{
            "type": "bitmap",
            "file": "minecraft:custom/pufferfish.png",
            "ascent": 8,
            "height": 8,
            "chars": ["\uE048"]
		},
														{
            "type": "bitmap",
            "file": "minecraft:custom/shark.png",
            "ascent": 8,
            "height": 8,
            "chars": ["\uE049"]
		}
    ]
}